Aircraft Type,Total Costs (M€),Number of Aircraft,Number of Flights,Total Seat km (M)
Regional Jet,0.14267073138353073,1.0,52.0,2.192907763466661
Single Aisle Twin Engine Jet,0.7469241113584346,3.0,85.0,17.158915382314238
Twin aisle twin engine jet,3.3836210453357,6.0,46.0,101.4504693077424
